node_id,target
2214329329,0
2685436161,0
5740290608,3
5748777422,2
366429477,2
5740111487,2
5811626269,2
2156215776,0
4851795625,2
2684988649,0
11500054230,3
5742791489,2
2214308288,0
5733292371,3
5806362054,3
5765066803,3
5769461879,0
5755239014,2
8366389955,3
11487052552,2
5762847538,0
8360271572,3
7762379267,3
366374491,3
8347885067,3
4197274358,0
11491771992,2
5038426994,0
5753114952,2
5753027042,2
5780709664,2
5750512210,1
366432572,2
5735565929,3
4786204082,3
5767392836,3
5748270186,1
11434786746,3
8345116785,0
5755029154,0
8344831991,3
9756807168,3
5755396543,3
5765004430,3
5740277408,3
366468377,3
5038653679,3
5750708964,0
5755083928,3
2685436326,0
2214121210,3
366451133,0
8345062360,3
10734087753,0
5769758276,2
5764930203,3
366462470,3
5742997072,3
5780874239,1
2214285461,0
7785576166,0
8348725052,0
7766358118,2
8344655704,3
5750450977,2
5780677632,3
11443215804,2
7788206766,2
5748339208,2
5750709028,0
5748360150,1
5750668703,2
366451389,2
2485881954,0
8814640139,0
5733078618,3
5764886765,3
2937562956,1
5780747171,3
5802711137,3
8359724213,3
6538988655,1
7773429003,3
7761792171,1
6643568425,3
7787946719,0
5780677565,2
8348405276,0
5780874252,1
8359738238,3
7784514925,1
5755169542,2
5752976402,2
8356440414,2
8347488285,3
5811542427,3
2685436465,0
2495944831,0
5767393992,3
11118322259,0
3648416376,0
2697696525,1
8704676873,0
8359772775,3
5786619160,2
5767169792,0
5001123756,0
4876173909,1
2685997973,2
5753320455,0
5748474147,0
7804455904,0
4851795548,1
366425947,3
11462134952,0
8371397966,2
5767267003,1
5753059217,2
8349361398,2
4103983206,0
9476330810,1
5755039716,0
5780812808,1
8359646868,3
2256623903,0
4952378023,0
12084556781,3
7803234962,1
10201179224,0
1276983211,0
5733201293,0
3116773932,0
366418202,0
4886880274,0
1834410196,0
1605338301,0
4945688723,0
5750655039,3
7802361048,0
5740633099,2
1834115869,3
2028465966,3
3664000418,0
3235930948,0
5737796977,2
8366708578,0
5769305485,3
8367496465,3
10198698478,3
5769335819,2
2333152574,0
5753359978,2
2666554792,3
3110867165,2
3541813827,1
5757826371,0
11303647313,1
5740773424,0
5750636097,3
4437354751,3
2443957364,0
5740099678,0
4030908785,0
5778390181,1
11829465625,0
5764878543,1
5742600173,3
6778378834,0
2443961297,0
366440952,0
8349350199,0
366466965,2
3388927344,0
366440160,1
5764879265,3
3297933898,3
7808870437,0
5748520722,0
11419904332,0
2952826304,0
4938463438,2
1833373335,2
366453258,2
5456094849,2
5778166605,1
5742416365,3
3137388493,0
5769390153,0
5757469103,3
5748270129,2
5733195752,3
1834409533,0
1852796141,0
1833101546,0
5733113145,0
4974340551,2
366433600,0
5742594228,3
5778117724,3
366428704,3
5737771496,3
5742600154,3
5769333738,0
366427938,0
2635264325,0
5752825386,0
4592054662,0
5614661195,0
9822325257,0
5735953198,0
2956123380,3
4952626247,0
5753337085,3
8359610553,0
8361605692,2
5735458215,3
366447710,0
5753225422,2
3110290541,0
12073255184,3
8366121637,2
3641987830,3
8360730265,3
11393974475,0
366415574,0
3216188867,3
6789304774,3
7738760422,0
2776784764,2
2666554983,0
9417468295,0
10883435216,0
5154367740,0
2335031789,0
5767600948,3
5748797472,3
5769895779,3
5769742326,0
10878649278,1
5757800631,3
8152566784,0
1834410234,0
8359503671,3
5755066026,2
5762744181,3
8359936368,2
5762723925,0
1834407904,3
366476412,2
3706401495,2
6660342194,0
5755050700,0
5738429832,1
8366926990,2
5743041100,2
8348984217,0
6786293413,3
9369014868,0
5772276237,0
4448603669,3
5742699266,2
7795285008,0
8813752218,3
5748520292,0
8366535496,0
5765040410,0
11409478343,1
11768875145,0
5735273708,1
8360768677,0
1854295659,0
11559830405,3
3108021108,0
3632301754,3
3137388736,2
366411445,0
12121477217,0
7819017353,1
7802616343,3
8360761541,3
10886672846,0
5769474391,3
4952269920,0
6627597056,0
5475834133,1
9553260063,0
8347484824,0
5738575698,3
4592566621,2
5097249228,0
5733276313,3
11428588979,1
11957255478,0
2623046390,0
2635178216,0
2940186878,1
8356758953,3
11502413264,0
7773909104,0
6660654335,0
1833373585,0
5748131909,2
5769562264,2
5758017686,3
5676244363,1
8359744710,0
2964936843,0
1833101208,0
4947228898,0
8366958332,0
7767156387,3
5765436133,1
10886672137,0
6855606308,0
5764897035,0
3217663933,3
2942938268,1
2692325264,0
5748258164,2
366469590,3
5769422607,0
5025884933,2
6738937046,1
4453412534,0
5757746761,3
5753533013,3
5767300302,0
3379560948,0
2276916500,0
5769838566,3
5009190689,2
5006804359,3
1958801238,2
6001010526,3
4992051396,3
8359550810,2
4865522783,2
5797537676,0
4703235735,0
10106097844,3
6726995497,0
1802527881,2
5009736502,3
10309287983,0
3339874651,2
366412391,2
4952170648,3
5811643961,2
5025885168,3
5075577608,3
5757766653,3
3379526528,0
5023973273,3
2394646427,1
2386055132,0
4952170694,0
5758104326,3
5769883850,2
5009736720,3
5738197412,3
2620586799,3
5748510180,0
5021920838,3
8813499223,0
3382851042,3
366457158,2
6713110216,1
4952170131,3
11489955543,2
5767211868,0
366457258,3
5023973456,0
4943402284,3
5750725041,0
1802527554,3
4979902456,3
5783388374,0
4979902470,3
2621185770,3
6713221679,0
8359650410,3
5737827280,3
3378949996,3
4952170191,2
5075577401,2
4528273113,3
5750754568,0
5076456279,3
5765047122,0
5771995747,2
7793207096,0
3702561888,0
5811289674,0
7802375336,0
2153158338,0
2153156657,0
5802608569,0
5811960463,2
5752848264,0
5812003046,2
11465245596,0
5806323043,0
8366157373,0
2153158102,0
5168392961,0
2685436159,0
8375273672,0
2269238618,0
5811530876,0
5786019729,2
3191432965,1
7757507250,0
12178883274,0
366237943,1
5598941861,0
7920109172,0
8008864975,0
3149148269,3
5803023570,0
6627537767,2
6627439055,0
11486091856,0
6447203567,0
4974587796,0
4986046101,0
1929545497,2
5681290929,2
6449013853,0
2495870425,3
5802590392,2
6449960918,2
1757002977,0
6420478643,2
2685998134,0
6433605068,0
6466240252,3
2783206391,0
2042473430,0
366450196,0
11939288301,0
4658501864,0
4551358601,3
6251772700,3
366424990,2
4217007525,0
8347696692,0
6791442352,0
4983065188,3
366427004,1
4988324879,3
5674570643,3
4535195825,3
3144008605,0
4195198479,3
6736652014,0
366380184,0
4984435319,0
5813728848,2
4193312381,0
366376445,3
5728549240,0
366371126,3
12042702939,1
4607612148,2
4927867373,0
5772202772,3
9404261895,0
411925415,1
6573654683,0
411923566,1
2380787695,1
411926505,2
1767760204,1
7514003740,1
6754320699,2
411918627,1
411918911,0
2364030596,0
411924900,1
411920001,0
366432863,0
5112594719,3
4974488981,2
5757541588,2
5767241053,2
3655114323,1
4551335183,2
8359593447,0
5003306343,0
3830454348,3
5003306315,0
5778270830,2
7773469801,0
4102230919,0
5772260897,0
3771444846,0
6665295538,0
5358463336,0
2968038021,2
5772311375,0
4550523309,0
5001800546,2
366413807,0
5755681743,0
2262762763,0
11435593178,2
1524373623,3
366374108,3
5058497805,3
5074799092,1
4927867378,2
5780641547,2
11101671902,0
5788957691,0
4611509790,1
6754155665,0
6793471379,0
5772557686,1
7805275302,0
2156216607,2
1628403309,0
2154851982,0
2154851620,0
7790661170,0
2153156514,0
2309294271,0
10658481378,1
5735403371,1
5781192503,0
2159584961,0
10709291221,3
2304436096,1
2297805000,2
2350639301,3
7990391520,0
1997301811,0
2159585552,3
2156217141,2
2305185876,0
366400941,0
2153156701,0
3806429598,1
714480621,0
366460981,0
366460454,1
366392424,3
1756318868,0
2156217891,0
5731642983,1
1997301769,0
8359460647,1
5732958662,0
1628403401,0
2370217996,3
12104042026,0
2153158398,0
8366489708,0
5778509558,3
366466483,1
2154851905,3
2153453608,1
366456304,3
8347545996,3
5788305881,2
5786314000,3
8344692596,3
7781434556,3
8344578494,3
7781801797,3
5783349938,3
7239654128,3
7240843253,3
366413537,2
5788718276,3
7768157932,3
5794854772,3
8348779385,3
7714456560,3
366462778,3
5794752039,3
5788668599,3
7711515047,3
7766347637,1
8347575813,3
7745674739,3
2414074153,3
2427536397,3
8367134277,3
7711599448,3
8813611270,3
7239563961,3
2414200101,3
6656634171,3
8359447611,3
7711747844,3
3438944142,2
7781543936,3
5786405480,3
2419556783,3
10801365403,3
5789185108,3
8347604168,2
6649562120,1
7711466594,3
7771371996,3
5788668640,2
8347820217,3
366426646,3
7782185565,3
7757637923,3
5778335676,3
8820218682,1
5797630776,3
7711866549,3
5778645452,3
5797450248,3
366461885,3
366397840,2
8366255127,3
7745437139,3
5781165870,3
3072496251,3
5778445085,3
366413910,2
7771371988,3
7711793360,3
7770300373,3
7711117763,1
7745437136,3
366438179,3
5794918042,3
5088862000,1
366415027,3
5788341300,3
8344538740,3
10756032035,3
366460956,2
7373445087,3
7533759178,0
11921728116,3
8347632736,3
7762484159,0
8344737941,3
366397321,3
8344772446,3
7781479543,3
5788668375,3
7762484183,0
5789116749,3
8811449603,3
6649828918,3
366456091,3
7781414025,3
2427557582,3
8366478739,3
7762906603,1
2417297452,3
5778772995,3
7714331556,3
5783421896,3
8344496183,3
8349300673,1
366411768,3
8816349362,1
10921550284,3
7717939694,1
8813640407,3
8813612250,3
7762470012,0
4017409430,3
4025062903,3
8367024899,1
7711170847,1
411922282,0
411922424,2
411918835,2
411926424,1
5778212579,1
411923939,2
411926609,1
411918557,1
411920215,2
698217097,2
4901270459,0
4461952129,0
366453495,3
5763944671,0
3138809750,0
4950373160,3
366442591,3
4937800520,3
5902183230,3
5738046810,0
5792396326,0
4903055233,0
4444946047,2
5769490276,0
4067989321,3
5789199805,3
5151366702,0
2269043927,3
366453991,0
5818202714,2
5888387522,0
5783267554,0
5740105159,3
5748699831,0
4067989187,0
5769540846,3
4423136084,2
8345201565,0
5755332257,0
5765428381,1
4069486233,3
5757466455,0
2249779956,1
5769496309,2
4551372394,0
11217203954,3
5655530161,0
5733210120,0
8359815019,0
5769401812,3
5303276429,2
7813586922,0
5748460799,3
8359782003,3
7810317267,0
5767404453,2
3344037316,2
5764885926,0
5762747156,0
7820571894,2
5655391031,3
5771983329,2
5718947703,1
5748501821,0
5740357885,0
5653035482,3
5740312449,2
5757831318,3
5753063827,3
8366243596,0
5767201093,0
11071128043,0
5762651048,0
8348936029,3
8814226647,2
5718890441,0
3296659815,1
5735376837,3
5751172314,3
5748108661,0
11217032402,1
2325332289,3
5765072431,3
5753004717,0
5738538672,0
11524787979,2
5752862684,0
4068497298,3
3296661952,0
5758105576,0
4971884632,2
5762703461,0
6661001640,2
3344036994,3
8359951268,2
11160689892,3
5767711686,0
366431286,2
8366548380,3
5740635807,3
5653129550,2
5764916777,0
3344100802,2
7813586909,0
5740374580,0
5769912146,3
5769540820,0
1997154748,2
5788957680,0
366378659,0
6791076702,3
8890105341,2
5813858482,0
3706539116,1
5794771156,0
1997154550,0
6334995598,3
6349849936,2
6720471800,2
5763141608,3
3614214183,0
742135364,2
3463111592,2
1998235355,3
11925831715,0
366474893,3
5753346847,3
8359743267,2
8366477980,2
5755196889,3
5753017450,2
5750785426,3
8347892424,3
5750509038,2
5733258070,0
5735784739,3
5751067201,2
5753180952,2
5748108266,3
8814601675,3
7768156822,2
5767224616,2
5757874277,2
3220146802,2
5740106073,0
5755046080,3
5767232053,2
5771996979,3
5738538383,3
8344695572,0
8366246564,2
5748074760,3
5735892224,2
5769895097,3
5733067867,3
5751063503,3
5753466611,3
9396086741,3
5769301741,2
5750735787,0
11521457151,2
8344752093,0
5752789359,3
8347635757,3
6656873040,2
5755254579,3
8360995899,2
5733199663,3
366370107,3
8360891867,3
5755678203,3
5740276076,3
5750472614,3
7767820562,2
5748108665,3
5762644499,2
5750635939,0
5762644470,2
5755581757,0
8366384057,3
366475955,0
5740581606,3
5751092187,3
8141356741,3
5778364311,3
5755405573,2
5752849334,3
5755027932,3
5769337188,2
5998453338,2
2930599204,0
7822919232,0
6327563175,2
2822151656,1
366478512,2
6263969575,0
2115199004,2
2079964221,3
12074868838,3
5735306182,2
4023206285,0
5742545044,2
4903632191,1
366445533,1
2495745490,2
2079964248,3
2592269705,3
4932465965,1
366470264,1
6631169220,0
5721938895,2
366473083,2
5112594935,2
366377240,1
366479342,2
5719110620,1
6372499824,3
3137351512,0
5773531753,3
366470314,0
5779558894,2
5735973841,0
366389972,0
2499051884,0
5778362652,3
1276696871,0
1774287515,0
1497255721,3
2955893076,2
696860097,2
5337055554,0
5772102488,2
5733023082,2
8816687944,0
5779523226,3
4664496605,0
8286497852,0
2899917254,0
3289232985,0
5736021596,2
3137343122,0
366433763,0
366477562,0
5781828013,0
9570493491,2
946794483,0
2027431090,2
2305201707,0
5778287282,2
366383425,0
2214329794,0
8366036270,0
2214329331,0
2214331313,0
2214327609,0
5755040568,0
5755040566,0
2685436137,0
2685436164,0
2685436166,0
8348397508,3
5740290618,3
5740290617,3
5740290534,3
5740290530,3
5748777418,2
5748777414,2
5748777454,2
5748777423,2
5748777429,2
1854295505,2
5755083927,3
9743808154,2
4274977896,2
5028986706,2
5740111488,2
5740111486,2
7766356341,2
7766356340,2
5740111493,2
5811626270,2
3378124373,2
5811613088,2
5811613139,2
5811613136,2
2156215358,0
2156215285,0
2156215354,0
2156215356,0
366459969,3
6622680051,2
5038653771,2
5038653725,2
2500305097,2
4851795641,2
2684988661,1
2684988690,0
2684988698,0
2684988681,1
2684988633,0
11500054229,3
5800344324,3
8366150581,3
5800344335,3
5800345564,3
5742791491,2
5742791486,2
5742791488,2
5742791483,2
4865521914,2
9478180013,0
11409740370,0
5733089807,0
5733089805,0
5733089803,0
5733464484,3
9787486780,3
5733292368,3
5733464544,3
5733464548,3
5806362059,3
5806361042,3
5805644377,3
5802992865,3
5805644381,3
2684988572,3
8360191546,3
5765066802,3
5765066800,3
5765066795,3
5769461118,0
8813957663,0
5769461884,0
5769461116,0
5769461878,0
5755239017,2
5755239122,1
2214117665,1
5755239013,2
5755239012,2
7762400410,3
7762400411,3
7762400413,3
7762400412,3
5733029098,3
11487052550,2
2685435796,2
11487052554,0
2685435702,2
11487092173,2
5762847535,0
5757901667,0
5762847541,0
5762847534,0
5757901668,0
7737310778,3
7737310779,3
7737338419,3
366444424,3
8360271581,3
5740219262,3
5740219231,3
5740219306,3
5740219265,3
8348258069,3
5748452725,3
5748452015,3
366469454,3
5748452726,3
5753046769,3
8347892750,3
8347892749,3
5767223149,3
5767223151,3
8347892754,3
366445949,0
5733377629,0
2495881514,0
2495881538,0
2495881504,0
11491771993,2
8366437562,2
5753210771,2
5751069447,2
5751069450,2
5038426995,0
5038426999,0
3095275380,0
5038426996,0
3095275563,0
5753114976,2
5753114958,2
5753114954,2
5753114977,2
5753114826,2
5753027045,2
5753027044,2
5753027100,2
7551073417,2
7551073418,2
5780709665,2
5780709684,2
5780709661,2
5780709694,2
5780709678,2
5750512211,1
5750514826,1
5750514825,1
5750512215,1
5750512213,1
2677188022,2
11443073420,2
2677188040,2
2677188033,2
8345545178,2
5735565934,3
11508099582,3
5735565946,3
8366343806,3
8366343807,3
4786204080,3
5738255283,3
4786204087,3
4786204079,3
5740056067,3
5767392835,3
12047276587,3
2684986983,3
7773875980,3
2684986973,3
5748270193,1
5748270187,3
5748270188,3
5748270184,3
5748270531,1
5767266931,3
5767266930,3
5767267064,3
366370974,3
5767267065,3
8345116787,0
5755029140,0
5755029141,0
5755029142,0
5755029138,0
2414429348,0
5755029153,0
5755029151,0
5755029152,0
10143531908,0
8344831996,3
11158112303,3
8344822695,3
8344822696,3
8344822698,3
5042605319,3
5042605421,3
9756807169,3
9756394284,3
9756394283,3
5755396542,3
5767087693,3
5767087694,3
5755396556,3
5767087892,3
5765004471,3
5765004433,3
5765004525,3
5765004440,3
5765004438,3
5740277412,3
5740277407,3
5740278426,3
5740277415,3
5738070258,2
2685998010,0
12137703596,3
5753376245,3
11041676878,3
4614323731,3
5038653678,3
5811876684,3
5038653683,3
5038653660,3
5811328052,3
5750708969,0
5750708976,0
5750708973,0
5750708970,0
5750708972,0
5755083929,3
5755083935,3
5755083926,3
5755083930,3
2685436320,0
2685436360,0
2685436347,0
6541838486,0
6541838487,0
9478179978,3
2214120279,3
5346685054,3
9478179977,3
2214289827,3
366454556,0
2495881546,0
2495883531,0
2495881543,0
2495881536,0
5806362115,3
5806362114,3
8371342929,3
5805629734,3
5805629875,3
10734087724,0
6665404293,0
10734087750,0
10734087728,0
8347700153,0
2684986126,2
5769808268,2
5769758278,2
5769808318,2
2684986132,2
5764930222,3
5764930208,3
5765004382,3
5765004378,3
5765004377,3
366450062,3
2276924417,3
5767087734,3
5767087735,3
8345231303,3
5742997060,3
10841613758,3
5742997061,3
5742807700,3
5742997053,3
5780874194,1
5780892582,1
5780892581,1
8814373305,3
4851795645,3
2214284266,0
2214286504,0
2214286117,0
2214284262,0
2214284265,0
366425644,0
9726580407,0
8364978464,0
8364978457,0
9726580405,0
8348725068,2
366369360,2
8348736066,2
5755257711,2
5755257710,2
7766358119,2
8347603859,2
5740726016,2
8347615869,2
5748308676,2
2941360738,3
2941360741,3
11434875357,3
8344662091,3
2941360747,3
5750450974,2
5750450953,2
5750450954,2
7761773886,2
366451333,2
5780554900,3
5781129680,3
5780749872,3
5780554919,3
5780757915,3
5772046868,2
8356360951,2
5772047042,2
5772047049,2
5771979165,2
2685435409,2
8356577179,0
8356577177,0
6649938847,2
6649938846,2
5748339211,2
5748339207,2
5748339205,2
5748339540,2
5748339542,2
5750709027,0
5750709015,0
5750709031,0
5750709035,0
5750709037,0
5748360151,1
366382141,1
5748253867,1
5748253870,1
8344898136,1
7758221330,2
7758221331,2
5750499884,2
5750499885,2
5750499890,2
2684986466,2
5769606221,2
5769606224,2
3283298477,2
2684986352,2
2485878529,0
2485878546,0
2485881969,0
2485878548,1
2485878525,0
5752795475,0
2684989162,0
2684989156,0
2684989148,0
2684989160,0
5733078296,3
8366686470,3
5733078613,3
5738170561,3
5733078564,3
5764886755,3
5764886677,3
5764886763,3
3632311951,3
3632311946,3
2937562954,0
2937562952,1
2937562955,1
5750468909,2
3232854936,2
5780747173,3
5780812764,3
11420327955,3
5038653715,3
7741442947,2
5802711092,3
5802711091,3
9787378784,3
9787378783,3
5802711138,3
8359724211,3
8708420076,3
5780749940,3
2500297229,3
5780749935,3
6538988598,1
6538988602,1
11486860651,1
8365995616,1
7784453722,1
7773428996,3
8348415265,3
8348415250,3
5870005604,3
8359643446,3
7761792170,1
7761722458,1
7761792175,1
7784517360,1
7761792167,1
6643568424,3
2228558930,3
8345768072,3
8345768073,3
2210695716,3
7788258117,0
7787946716,0
7787946714,0
7787946718,0
7787946717,0
5780677575,2
5780677714,2
5780677314,2
5780677738,2
5780677344,2
8348405257,0
8348395799,0
6649682026,0
7788171761,0
366438882,0
366370987,1
8348643121,1
5780874251,1
5780874248,1
366440058,1
8359738243,3
2216910407,3
7782276530,2
4815676623,3
2228512353,3
8348174385,1
8348650191,1
8348650210,1
7784514929,1
7761722456,1
5755169545,2
7782324089,2
5753059177,2
5753059175,2
8348069317,2
5752976378,2
5752976372,2
5752976401,2
5752975379,2
5752975378,2
366464917,2
7773405973,2
7773405972,2
5767624861,2
8356440416,2
8347488284,3
8347543818,3
8347543819,3
8347488286,3
8347488287,3
5811542428,3
7741582603,3
5811542461,3
5811542462,3
5811542460,3
2685436473,0
2685436510,0
8345185027,0
5752816437,0
2685436519,0
5733377627,0
2495948106,0
2495948105,0
2495948109,0
2495944695,0
5767393988,3
5767393984,3
366422478,3
7773864680,3
5767393987,3
8361036885,0
2685435720,0
2685435737,0
2685435672,0
2685435851,0
5769461122,0
5769461070,0
5769461125,0
366469176,0
5767164502,0
2697696522,1
5765331951,1
11434994345,1
2684988602,1
5765331954,1
5038427381,0
8366022159,0
5811673573,0
5811673572,0
8366022168,0
8359772769,3
5811336473,3
5811328043,3
5811328039,3
5805849275,3
5786619157,2
5785761538,2
5785761542,2
5785761537,2
5781047047,2
11491128525,0
5764981767,0
5767169790,0
5767169794,0
5764981789,0
5001123757,0
2256623854,0
6639572824,0
2256623865,0
2256623932,0
5750709074,1
5750709076,1
5750709077,1
5750709082,1
4876173907,1
2685997990,0
2426413306,0
5740320462,0
5740320460,0
1606817673,2
5753114881,0
2783206542,0
8345285831,0
8345285830,0
5750709010,0
5805868919,0
8371354042,3
6657414574,0
5811626254,2
5811625147,0
7804455903,0
9700067586,0
8814147101,0
8814147102,0
9700067587,0
366468226,1
8371908707,1
8371908706,1
8359972834,1
8359972835,1
8359643509,3
8816093665,0
8359646839,3
8359646834,3
8816093659,3
11462134953,0
5755264777,0
5755337763,0
5755264778,0
2684989128,0
8371397969,2
8347518971,2
8347518963,2
5038652566,2
8347518962,2
5767266902,1
5767266900,1
366398440,1
5767267010,1
5767266998,1
5753059926,2
11443130341,2
8348028545,2
5753059205,2
5753059218,2
5737969567,2
4865522313,2
4865522307,2
5737971260,2
8345221886,2
4466981421,0
1756260807,0
5964304777,0
6496185034,0
2350409355,0
9476330803,0
5755714084,0
9476342521,0
9476342520,0
9476330813,0
5755039717,0
2496935173,0
5755264764,2
5755264767,0
5755264765,0
5780749851,1
8371953183,1
5780749856,1
5780749852,1
5780749846,2
8359646873,3
2684988013,3
7773489235,3
7773489241,3
8359646886,3
2209498744,0
5755029181,0
5755029175,0
2350505761,0
5755029182,0
4952377213,0
8360013861,0
8360013865,0
11070854768,0
11070854769,0
11956789903,3
12084556780,3
11956789905,3
6660359916,3
11540134042,3
7803234959,0
7803234960,0
7803234961,1
7803234963,0
7803234967,0
6848079287,0
9052573075,0
9052573076,0
5738550079,0
11761493818,0
1276983195,0
1276983118,0
1276983128,0
1276983200,0
1276983100,0
5733201294,0
5733201295,0
5733201297,0
5733201298,0
5733201296,0
7781402892,0
7781402891,0
5769586906,0
5769586907,0
3116773933,0
366426086,0
3727355788,0
3727355786,0
5750511739,0
11442997137,0
11542424245,0
7803277022,0
7803277016,0
7803277004,0
7770918893,0
1834410182,0
5733384803,0
1834410150,0
1834410189,0
1834410199,0
1605338342,0
1605338356,0
1605338289,0
8356496222,0
7793685257,0
4945688722,0
4945688731,0
5731653442,0
5731653443,0
4945688600,0
3216188770,3
12073102525,3
12073102522,3
8385887690,3
9584890423,3
7802361047,0
7792831511,0
5889572023,0
6778337683,0
7792913467,0
5740633098,2
3727363039,2
3727363041,2
8359661709,2
2493362985,2
5738267241,3
5738267226,3
5738267227,3
1835411071,3
5738265715,3
6754371052,3
676036667,0
6754398776,3
366384168,3
6754398772,3
366386699,0
8816703796,2
7784482528,0
7784482526,0
366402545,0
1275842558,0
5735480573,0
1277146589,0
2038584715,0
3235930950,0
5737796979,2
5737796644,2
7803337113,2
7803337114,2
5737796654,2
5738455786,0
8366731778,0
8366702039,0
1271148369,0
366398129,0
5769305487,2
5769305482,3
8356832424,2
8356832429,2
8366914951,3
8371859294,3
8371859295,3
5757727775,3
5757727777,3
5757800641,3
10198715132,3
5116957298,3
10198698477,3
8588840593,3
5740625542,3
5769311926,3
5769335804,2
5769335807,2
5769340788,2
5769336090,3
366377802,1
366399920,0
366451417,0
2333152593,0
366401638,1
5753359976,3
5753222726,3
5753222727,3
3117088681,2
12073338479,3
2666554823,3
5737891631,3
5737891632,3
2666554825,3
2666554800,3
3110867151,2
3110867143,2
3110867168,2
3110867156,2
3110867167,3
2496976455,1
5762929501,1
3541813829,1
10292922778,1
8814718000,1
5757826370,0
5757826390,0
5757826372,0
5757826369,0
5757826389,0
7940765390,1
7940765389,1
7940765388,1
7940765391,1
9533834153,1
5740773425,0
5740773256,0
5740773251,0
11928320448,0
11928320445,0
5750636096,3
5750496256,3
12073037643,3
12073037635,3
5748784570,3
4437354749,3
5738457146,3
5738457145,3
366460311,3
5738457155,3
2443957399,0
2443957423,0
2443957442,0
2443957349,0
2443957321,0
11801430158,0
8366119544,0
8588817201,0
5740099670,0
5740099633,0
8813636468,0
2952826249,0
366417254,0
366399328,0
366408446,0
5778390412,1
5778390410,1
5778390397,1
1958801574,1
9339328159,1
4592050197,0
5758075896,0
4624379926,0
8347632281,0
3246076436,0
5764878542,1
5764879267,1
5764879269,1
8348630052,3
366403427,1
5742600174,3
11015512162,3
5742600183,3
5742600184,3
5742600178,3
5733571216,0
6778378831,0
6778378830,0
6778378838,0
5082918367,0
2443961231,0
2443961222,0
2443961251,0
7773962277,0
4627037198,0
366378771,0
5755071359,0
5755071360,0
5755071356,0
5755071358,0
8349350207,0
8349389966,0
3275610361,0
3275610378,0
8349389936,0
2445304319,2
366393469,2
5748826320,0
366434465,2
366455581,2
366424420,0
5778414445,0
3388927354,0
3388927499,0
5778414438,0
366459673,3
8367463274,1
5772192594,1
2955347896,1
8367463275,1
5154367683,3
5154367685,3
5192828232,3
5192827161,3
5154367682,3
5769395354,3
5769395458,3
5769395421,3
5769395425,3
5769395366,3
7808870440,0
5737815323,0
7808870441,0
5737815019,0
7808870438,0
8344787253,0
5748520729,0
3216188724,0
8344800938,0
5748520726,0
5758161296,0
8354120549,0
11419904317,0
11419904308,2
5758161297,0
2952826301,0
5762775806,0
5762775810,0
8356393354,0
3727389332,0
366439778,2
5772493677,2
4938463435,2
4938463466,2
1958801789,2
5735913059,0
1833373321,2
1833373315,2
1833373289,2
1833373356,2
366451009,2
3571566696,0
3571540695,0
3571566693,0
5735568015,0
5735604948,3
2028465880,3
2028465897,2
2028465950,3
1834117120,2
366473882,1
5778166554,1
5778166557,1
2947040976,1
5778166580,2
5742416366,3
5742416367,3
5742416368,3
4897599305,3
366429015,3
3137388491,2
3137388495,2
5742675564,0
11052087412,0
5742675551,0
5769390194,0
5772228864,0
5772228863,0
5772228862,0
5772228855,0
5757469104,3
5757469106,3
5757469101,3
5757469102,3
5757469105,3
5748270128,2
3132377813,2
5748270127,2
8361082288,2
5738009470,2
5733195745,3
5733195762,3
5733195767,3
8347727824,3
5733195737,3
1834409601,0
1834409813,0
1834409676,0
1834409673,0
1834409787,0
1852796136,0
3110640153,0
3110640140,0
3110640128,0
3110640130,0
1833101520,0
1833101498,0
1833101485,0
1833101495,0
1833101544,0
5733113141,0
2443949053,0
5733113144,0
5733113147,0
5733113153,0
4974340377,2
4974339816,2
11402923018,2
5753041871,2
5753041869,2
5087698868,0
5742943325,0
5740165643,0
5087680448,0
5087680447,0
3137388515,3
3137388516,3
3137388524,3
3137388519,3
8344823328,3
3117088301,3
5778117726,3
5778117723,3
3117088295,3
3117088285,3
366451012,3
3541813572,1
11155577961,3
2947041243,3
3541813571,1
2456378406,3
12082417318,3
5737771494,3
9662028470,3
9662028471,3
5742600155,3
5742600153,3
5742600318,3
5742600320,3
5742600321,3
5769333742,0
5769333928,0
5769333927,0
5769333942,0
8366255183,0
5767128873,0
5767128875,0
5767128972,0
5767128908,0
5767128909,0
2635264327,0
5735304796,0
5735304779,0
5735304798,0
5735304799,0
5752825384,0
8370346798,0
5752823288,0
11811149823,0
2952826326,0
4598735247,0
4592054663,0
4592055150,0
4602798925,0
4592056870,0
366386635,0
6643337347,0
6643337354,0
7790896367,0
7790902185,0
3700941011,0
10910338086,0
11039876331,0
4952656379,0
3700941016,2
5735953201,0
7790608046,0
7790489069,0
5735953209,0
5735953205,0
2956123382,3
5753513907,3
2956123383,3
2956123374,3
5753513906,3
9570699997,0
4952626242,0
4952626245,0
6627522589,0
4952626243,0
366466800,3
12082575210,2
5748332752,2
8348698017,3
3110290656,3
6855606296,0
3700940984,0
8359610555,0
3283243935,0
5735330406,0
8361605693,2
11522034141,2
5748087221,2
5748085820,2
5748109821,2
3647300417,3
1834117114,2
5614661186,2
5614661188,2
724232845,2
5740296609,0
8360662406,0
5740297929,0
366462436,0
366386569,0
5753225479,2
5753377682,2
5753377681,2
4970196084,2
5753225478,2
3110290520,0
3110290483,0
3110290546,0
3110290572,0
11217098256,0
12073255179,3
8345940977,3
5772511380,3
5772511384,3
5772511354,3
8366121646,2
3301972592,2
8366119716,2
8366078705,2
8366078706,2
5742410688,3
366397954,3
3641987810,3
5467501942,3
5742410693,3
8360730268,3
5733452802,3
5733452801,3
5733453056,3
5733453059,3
11393966968,0
11393966965,0
11393974473,0
11393974472,0
11393974476,0
5778173051,1
5778173052,1
6956996787,1
6956996786,1
3342117447,1
5762591654,3
5758041307,3
3216188872,3
5758161293,0
4030913971,0
6789304772,3
366387449,3
6789304773,3
366409519,3
6789304775,3
7738760424,0
7738766040,0
7738766034,0
7738773591,0
8359475002,0
366413920,2
8344865583,2
8344865576,2
11420337717,2
8344854751,2
2637020609,0
2637020616,0
2666554980,0
2637020612,0
2637020617,0
5455910316,3
2951381861,3
9417468303,3
9291853088,3
5764977915,3
10883435208,0
10883435217,0
11546894640,0
10883433489,0
10883435225,0
5154367744,0
366412116,0
5154367745,0
5154367739,0
5772139728,0
2335031797,0
2635023020,0
2335032912,0
2635023012,0
2635023023,0
5767601157,3
5767601158,3
5767600946,3
5767600947,3
5767600876,3
366403645,3
8344811700,3
8344811696,3
5748797466,3
5753222771,3
5769895778,3
8813678815,3
5769867978,3
3217666032,3
5769867994,3
5769742327,3
5769745065,0
5769745067,0
5769742334,3
5769745068,0
10878649281,1
12016056198,0
714480565,1
10672738445,0
714480361,1
5757721499,0
5757721498,0
5757727733,3
5757800689,3
5757800687,3
8141066125,0
8141128614,1
11766394757,1
11766394756,1
4508136736,1
5735965651,0
5735965653,0
8344593286,0
8344593288,0
1834410235,0
7758168853,3
5778320470,3
5778320556,3
5778320550,3
7758168855,3
5755066027,2
5748465717,2
5755065411,2
366427295,2
5748716198,2
8370346801,3
5762743744,3
5762744180,3
5762702954,3
5762744182,3
8359936376,2
366369604,2
8359906820,1
5763285553,1
2024973041,2
5762723926,3
8816969443,3
7781578794,3
7781578793,3
5762724134,3
11883392833,3
5614661205,3
7799636663,3
5733109173,3
7800375069,3
366425367,2
366399596,2
366474242,2
366398032,2
366413814,2
3706401493,2
1833101303,0
3706401492,2
1833101259,2
3706401497,0
5737771196,0
6660342197,0
6660342196,0
6660314081,0
6660314080,0
7940657391,0
7940657389,0
7940657402,0
4886880289,0
4886880290,0
5738429831,1
5735415581,1
366398340,1
366445306,1
5735415580,1
8366926978,2
8366987901,2
8366987907,2
2275303155,0
1834116871,2
8347741054,2
5748273041,2
5743041099,2
7774141466,2
5743041432,2
8348984222,0
8348916493,0
8348916491,0
366475155,0
8348741601,0
6786293414,3
5733195663,3
12082417337,0
12082417338,0
5733195662,3
5737891279,0
10792176940,0
12011619018,0
9369014858,0
5737891539,0
5772276232,0
5772493565,0
5772493564,0
5772276356,0
5772276364,0
4448603668,3
4448603667,3
3220271028,3
3220270997,3
3220270857,3
5742699257,2
8360286330,2
5742699264,2
8360283528,2
5742699267,2
10873335274,0
5738478187,0
3628303021,0
10873335257,0
12021847093,0
3744097318,3
5755426654,3
3744097925,3
3744097316,3
8813738930,3
5748471676,0
5748520270,0
5748471659,0
11420123798,0
5748520274,0
3216188662,0
5748850507,0
8366535487,0
3216188691,0
5748850508,0
4886880310,0
7800364416,0
5765040411,0
5765040408,0
5765040398,0
2946995125,3
5778252683,3
5778252681,3
2946995123,0
2946995126,3
5763376696,0
11409657382,0
5735273709,1
2623155761,1
3664057640,1
3664057630,1
5735273713,1
4936959498,0
3656167778,0
2963992319,0
4936959484,0
2963992318,0
1854295651,0
5735458202,0
5735458203,0
1854295683,0
1854295677,0
6660228304,3
8359626956,3
7766853984,3
5119239940,3
9691874361,0
3108021104,0
3108021103,0
5733194513,0
5733194512,0
3108021113,0
12011491818,3
3632301752,3
2615886743,3
4622836000,3
10810744267,3
3137388737,2
1958801258,2
3137388735,2
5750511794,2
3137388739,2
3391050752,0
7803313909,0
7803313910,0
3391050755,0
3391057464,0
12121477235,0
12121477216,0
12121430986,0
12121430993,0
12121477255,1
7819017354,1
366412070,1
7819046265,1
366445935,1
366370183,1
8345089057,3
8345089056,3
366442989,3
5763302705,3
366405836,3
8360761535,3
5733571132,3
6770679642,3
366457400,3
7502971311,1
10886672855,0
11803858975,0
10886672851,0
10886672812,0
10886672858,0
5769474384,3
5769474025,3
5769474026,3
11419967283,3
5762874767,3
4952269916,0
4952269915,0
4027298992,0
4952269917,0
4952269910,0
8152553232,0
11341401082,0
11341401099,0
8152547105,1
6856309646,1
714480472,1
714480597,1
714480649,1
10672738458,1
10792176919,0
10792176916,0
12011619011,0
5737891551,0
6477104995,0
8347484823,0
366398308,0
5767184414,0
5767184416,0
5763233403,0
5738575694,3
5738575693,3
12082422946,3
12082422947,3
5733453022,3
5735574274,2
4592566623,2
6844798185,2
6844737775,2
4592566620,0
5097249253,2
5097319757,0
8345078388,0
5097319744,0
3110285797,0
5733276311,3
8367273200,3
5733276257,3
5733276258,3
8367273201,3
3388927089,1
5764897050,0
5764818549,1
5764818547,1
5764897354,0
11957255476,0
9880629532,1
366429856,0
12055652807,1
12055652806,1
366408126,0
3663980564,0
3663994441,0
5735799114,0
5735799113,0
2635178218,0
8366322810,0
2635178354,0
2635178226,0
2635178224,1
2940186877,0
5006283839,0
2940186879,0
5006283852,1
3110867189,1
8356758951,3
3108021347,3
8370786960,3
8370786962,3
3118893264,3
7957622510,0
7957622517,0
11347697653,0
10197486226,0
10197486240,0
4886880245,0
5742755510,0
5740162446,0
5740162479,0
7803353740,0
6660654305,0
6660654338,0
6660654353,0
6660634477,0
6660634473,0
1833373581,0
1833373609,0
1833373598,0
1833373596,0
1833373613,0
3110866566,2
8349765965,2
5748131911,2
5748240311,2
8349731822,2
5769562265,2
5769895761,2
5769895763,2
5769562269,2
5769562266,2
5758017687,3
5772493692,3
8359751831,3
8359751839,3
5772493684,0
5676244364,1
9480180266,3
4936580460,1
8367487240,1
4936580453,1
8359768030,0
5755193470,0
366466026,0
5755193465,0
5755193455,0
2964936842,0
366368325,0
10703339147,0
2964936833,0
2964936852,0
1833101085,0
1833101058,0
1833101162,0
3632304717,1
1833101312,1
4947228897,0
8360285263,0
5742399991,0
5742399992,0
4947228899,0
7757224783,0
8369956954,0
8369956946,0
5733195707,0
1852796132,0
7767156386,3
7767150586,3
7767156388,3
7767156385,3
7767141684,3
2946995056,3
3334343870,3
5772493218,3
5778127016,3
5772493582,3
11348070094,0
11348070092,0
10886672962,0
11348070095,0
11348070090,0
4622811277,0
4907667719,0
4907667983,0
6855606303,0
4907667952,0
5764864188,0
8348316141,0
12082798067,0
5764864187,0
5764864190,0
3217663935,3
2418505230,3
6791419854,3
3217663938,3
5751010931,3
5738530351,1
2942938269,1
1599194856,1
1599194982,1
5738527904,1
2692325278,0
2692325266,0
4508170614,0
2692325282,0
2692325267,0
3110866591,2
5748131901,2
5748131902,2
5748132050,2
5748131895,2
366382442,3
366430543,3
366472650,3
5763242612,1
6770553576,1
5769422611,0
5769422623,0
8366577232,0
8366577240,0
5769422605,0
5025884935,2
5025884929,2
5025884931,2
5025884934,2
5025884941,2
6738937047,1
2242412972,1
5758104179,1
5758104182,1
4066528704,3
1802527919,0
4553070859,0
4550471196,2
6732276196,0
5757507491,0
5757746743,3
5757746756,3
5757746766,3
5757746749,3
5757746752,3
5753533011,3
10559351156,3
5016693292,3
5016693298,3
5016693426,3
5767300297,0
5767300317,0
5767300301,0
5767300300,0
5767300308,0
3379560914,0
8814468044,0
8814468045,0
3379560887,0
3379560961,0
2276916503,3
2276916547,3
2276916566,0
2276916558,3
2276916527,0
4983154719,3
5006654064,3
5006654063,3
5769882928,3
5769882929,3
2622318986,2
5778341977,2
5009190647,2
9598761576,2
5009190688,2
5006804357,3
5013282119,0
5013282116,0
5797873841,3
3134555300,3
5009095509,2
4275354446,2
5009095501,2
5009095504,2
3144008554,2
8705087865,3
7551073398,3
5679833258,3
5797735994,3
7733438699,3
5762752482,3
12066921290,3
5800062442,3
5800062439,3
11409535279,3
8359550809,2
6665150483,2
6665195888,2
6665150482,2
6665195887,3
2270170254,2
5742424289,2
5742424299,2
5737816365,0
5742423767,3
5797537674,0
5797537668,0
5797537673,0
5797536827,0
5797537700,0
4703235733,0
11710410708,0
6639586687,0
4703235738,0
4703235716,3
366386837,3
2621185470,3
2661285212,3
5735793409,3
5735793402,3
5023969315,0
8359738540,0
6726995494,0
6726995514,0
8359738537,0
1802527560,2
1802527917,2
1802527725,2
1802527594,2
1802527552,2
5009736504,3
5009736517,3
5009736516,3
5009736521,3
5009736444,3
2214439525,0
2613094722,0
4563996123,0
4560085068,0
3630715342,0
3339874647,2
3339874727,3
3339874723,2
3339874721,2
3339874719,2
366369838,2
366466914,2
366469781,3
366403949,2
366419266,2
4952170647,3
11979959464,3
8366438469,3
4952170650,3
4952170636,3
5811643963,0
5811633264,0
366405502,2
1802527715,2
5800186303,0
5025885167,3
5733531424,3
5025885170,3
5025885169,3
3378012181,3
5075577609,3
5075577603,3
5075577612,3
5075577614,3
5075577604,3
5757766651,3
5757766649,3
5817112637,3
5757766665,3
5757766650,3
3379526526,0
3379526524,0
3379526527,0
3379526521,2
3379526533,0
5023973270,3
5023973275,3
5023973283,3
5023973278,3
5023973284,3
3379561320,1
723876656,3
4865522878,1
5025519373,0
2394646421,1
2386053890,0
4997434480,0
2386055134,0
2386053887,0
2386053892,0
4952170141,0
5767081340,0
5767081343,0
5767062738,3
5021688571,0
4979902458,3
4979902462,3
4979902463,3
4979902460,3
5757752655,3
5769883849,2
5769603606,2
5769883851,2
11091407540,2
5769603607,2
5009736557,3
8358141734,3
5009736726,3
5009736719,3
5009736723,3
5738197413,3
5738197414,3
5738197417,3
5738197416,3
5738197415,3
6665295540,0
366437296,0
4974589973,0
6665295531,0
5748510179,0
5748510181,0
5748510183,0
5748510184,0
5748510182,0
5021920839,3
5016693459,3
5016693457,3
8345109504,3
5016693449,3
5748416761,1
1500226635,1
4066505794,1
8347896027,1
4066505795,0
3382831189,3
3382831188,3
3382850996,3
3382831185,3
3382831183,3
4536982121,0
4976735396,0
5811481185,0
5811481199,0
6724603141,0
366459434,1
5757710840,1
5758103744,3
2214437316,3
2228483479,3
5011071485,3
5011072624,0
5769532646,0
5769532638,0
5011072634,3
5738477069,2
5738477070,2
11489955544,2
11489955545,2
11489955546,2
5767210649,0
8344904352,0
8344904353,0
11486602232,0
11486602235,0
11299415397,3
5075577029,0
4461827946,3
4461827940,3
5811551650,0
5023973454,0
5023973463,0
5816988622,0
5023973457,0
5023973464,0
5092219880,3
5092219881,3
4943405027,3
5092219879,3
5092219878,0
5750725043,0
5750725042,0
5750725047,0
2783206484,0
5748416752,0
1802527471,3
5758155712,3
1802527573,3
1802527491,3
1802527642,3
4997434487,3
5795044966,3
5795044968,3
5795251640,0
5795251619,3
5783388373,0
5769532612,0
5783388372,0
5769532608,0
5769532606,0
4979902461,3
4979902464,3
5748452754,3
4979902466,3
5758104325,3
5013426507,3
5013426508,3
8359526891,3
10770629222,3
2622318707,3
6715927742,0
6713221678,0
6715909038,0
4066783639,0
2212533681,0
5795204542,3
10792333368,0
5593946377,0
5802897334,0
10792333367,0
8359409186,3
8359409187,3
8359409188,3
5737827281,3
3382829560,3
3378947187,3
3378947185,3
3378081388,3
366472124,3
3378947175,3
5011011850,2
5011011851,2
4952170193,2
5011012039,2
5011011853,2
5075577335,2
5075577120,2
4563599826,1
5075577399,2
7784891720,2
4563599746,0
8366138991,2
8366138992,2
4563599815,2
5772171491,0
5750754569,0
5750754565,0
5750754572,0
11276412149,0
8348133965,3
5076456278,0
6733325322,3
5076456291,3
5076456286,3
5076456275,3
11491459540,0
5765048067,0
5765048070,0
5765048084,0
5765048085,0
366464472,3
366427267,3
4535779198,3
2620587117,2
4525864396,2
5811926475,0
5811648941,0
7793207097,0
5811926476,0
5811960459,0
3702561858,0
3702561842,0
3702561847,0
8366068618,0
3702561850,0
5811289670,0
7757534876,0
6627599438,0
6627599435,0
7757534880,0
7802375335,0
5806324132,0
7802375334,0
5806324135,0
366405888,3
5732958646,0
5732958655,0
8366248459,0
2153158293,0
5732958658,0
2153156664,0
5802956738,0
5802956739,0
5802930211,0
5802930209,0
2686965903,0
5802608560,0
8369929576,0
8369929577,0
5802608559,0
2609809701,2
7793457774,2
5811863643,2
5811863645,2
7793457778,2
5752848266,0
8359706057,0
8359706056,0
5752848272,0
5752848271,0
5811873098,0
2609809695,0
5811873099,0
5811873100,0
2609809685,0
11465245597,0
11465172980,0
5870006083,0
5870006187,0
8375307749,0
5806324061,3
8705149644,0
5806323018,0
9245402217,0
9245402220,0
8366157374,0
8366156505,0
8366156504,0
8366164055,0
366387687,0
2153157999,0
2153158073,0
2153158100,0
2153158099,0
2153158024,0
5168392962,0
3149148135,0
5168392963,0
5806230673,0
5168392966,0
2685436025,0
2685436237,0
2685436181,0
2685436183,0
6541838490,0
8375273668,0
5786248312,0
7805756445,0
5786248254,0
8375273679,0
2269238628,0
2269238617,0
2269238662,0
2269238639,0
2269238649,0
5811513931,0
5811513936,0
8816591458,0
2153156642,0
5811513908,0
3149148184,2
5786019728,2
3149148187,2
3149148191,2
5786020442,2
3191432971,1
3385455044,1
3191432969,1
3191429459,1
11482611798,0
11482611796,0
11482611795,0
11482611797,0
8359586981,0
12178883275,0
12178883248,0
12178883272,0
12178883340,0
12178883339,0
3387035915,1
3387035910,1
3387035912,1
3387035903,1
2269185315,1
5598941862,0
5598941865,0
5598941888,0
5598941868,0
5598941864,0
7808548869,0
7808548867,0
5786076954,0
7808548873,0
5786076847,0
5786321707,0
2609809385,0
2609809378,0
5786321714,0
2609809384,0
3149148255,0
7802381780,3
7802381779,3
3149148254,0
3149148262,3
2153157253,0
2153157236,0
9577189229,0
2153157344,0
2153157347,0
6627537762,2
8359409185,2
8359409168,2
366453429,2
8366377102,2
2269174603,0
2269174595,0
10975619551,0
2269174613,2
6627439054,0
8349603551,0
8349603542,0
5811864067,0
5811649308,0
5811649283,0
6447203566,0
7804481901,0
6447203582,0
6447203579,0
6447203575,0
4974587797,0
4974587782,0
4974587792,0
4974587793,0
6788955601,0
4986046098,0
4986046099,0
4986046102,0
1929545490,0
4986046103,0
4813087473,2
8349138259,2
5750820535,2
8348959764,0
8348959761,0
5681290013,2
5755342426,2
9582409817,3
5681289977,3
6464826850,3
6449013856,0
5802711063,0
5417269146,0
6449013857,0
6449013852,0
366412344,3
366430668,0
2495870404,0
2495870400,0
2495870411,3
5802590425,2
6432191784,2
5802590428,2
6432191769,2
6432191770,2
6770224614,2
366427884,0
6450096944,2
6450096942,2
6757924476,2
1757002976,0
1757002981,0
1757008359,0
3232855101,0
1757002985,0
6420478664,2
6420478648,2
6420478647,2
2922933632,0
6420478641,2
366432650,3
2146838306,3
2685998115,0
8366604662,3
8366604659,3
6433605059,0
5663188226,0
6433605069,0
6433605061,0
6433605066,0
6466240255,3
7457473869,3
5750820538,3
5752794657,3
5752794652,3
2783206388,0
6527667701,0
6527667702,0
5753422055,2
2783206396,2
2042473300,0
6449073522,0
4202267672,0
366437300,0
2042473404,0
11115906836,0
3462864232,0
11115906832,0
2468452120,0
5762770875,0
366368862,0
8370431752,0
11939288302,0
11939288295,0
8367047877,0
4658499323,0
4661300184,0
4200187240,0
4200187243,0
8366569240,0
4655932104,3
4655932103,3
4551344422,1
4537175213,1
4655931682,1
6251772699,0
6251772697,0
2495823270,0
5003306386,0
5003306388,0
4932516740,2
366370087,2
366444551,2
6169690261,2
6169690260,2
4217007541,0
6732564081,0
4217007515,0
4217007537,0
6732564080,0
8347696691,0
5802716344,0
4927819022,0
5802861313,0
6247311656,0
4628048104,3
2302073740,0
837179421,0
6791442364,1
11584778495,1
6750087314,3
4983065186,3
4595655890,3
5772562974,3
2438294854,3
4931113074,0
5755681741,2
366457722,0
6725178919,0
6724874724,2
4202268830,3
4202268838,3
6251878031,3
4202269200,3
4988324878,3
5802861323,2
4929793645,2
4929793643,3
4929793638,3
366380992,1
4551259686,3
5757547046,3
4535195823,3
4535195824,3
4931112852,3
3339712076,0
8359814691,0
8359814689,0
3339712069,0
366389878,0
6712966411,3
6712966394,3
4195198454,3
4548017751,3
4548017745,3
2358165983,2
4703235691,3
1929546424,3
6789189491,3
4703235080,3
5764989608,0
4607985744,0
4607985743,0
6716204967,0
5764989604,0
4984435274,0
6639572850,0
4984435439,2
5811944897,3
8347772640,3
5813728849,3
3339199203,3
4988324889,3
3339199205,3
5813728854,3
1929546603,0
1929544946,0
4193312382,0
1929546341,0
1929546815,0
11824748841,2
366410298,2
11824748842,2
5800355518,2
11824748844,2
1488714206,2
6639572863,0
5728549239,0
5800037308,0
5800037310,0
9756668446,3
1996745606,3
4519205477,3
4595648040,3
4583483799,3
3339874709,1
4974488922,2
4974488219,2
3339874707,1
4974488921,2
366421855,2
4984435302,2
366435732,2
6244019744,2
4703235695,0
5800679952,0
5001162767,3
6712298296,2
5772119665,3
5001162769,3
5800295279,0
4530356876,3
4558739437,3
9404261896,0
9404261888,2
9404261894,2
6788469897,2
9404261889,2
411925414,1
411926021,2
411925417,1
8819419111,3
411925309,1
5740394720,0
7499929048,0
7499929047,0
7499880754,0
7499880753,0
411923564,1
411923572,1
411923570,1
411923562,1
411923574,1
1767909393,1
1767909383,2
1767194040,2
1767194037,0
5781158294,2
411926537,2
411926545,2
411919215,1
411926412,1
411926617,2
2358137422,1
706286089,0
1996655828,1
1996745539,0
5813867127,3
7514003754,1
7514003739,1
7514003738,1
5467207450,1
10978360613,1
411921260,1
4605034952,1
5762711577,2
6754320698,2
4607339373,0
411918626,1
2907818488,0
411926378,1
411926702,1
1769277421,1
4099242263,1
10973319773,0
10973319772,0
5740324094,1
11209469366,1
6639674954,0
411918706,0
4612970101,0
411925307,2
5763168804,0
4611410091,0
4615738901,3
411921399,3
4611394688,0
4611407889,0
11971404899,0
411920048,0
411919798,0
411919795,0
411925290,0
366371524,0
3830454286,0
3771486797,0
6520273257,0
6520273260,0
5001800557,3
6640265994,3
5767488918,3
8371287093,3
6640265995,3
4974488972,0
5735459321,2
4974488973,2
4974488971,2
4974488982,2
5757541587,2
11287779115,2
11287779114,2
12075068914,2
5003306380,3
5767240952,2
11417132506,3
6520189564,2
2620586976,3
2500251179,2
3655114324,3
366466975,1
366428035,1
2728341918,1
366418691,1
366423219,2
4553070868,2
4550470935,2
4550470940,2
4550470941,2
8359593452,3
5109568373,3
5109568374,3
4988329139,3
5109568370,3
3771499625,0
5767074405,0
3830454064,0
3771499633,0
5767074385,0
12096408047,0
11219414252,3
3830454344,0
5772108064,2
5772108061,2
5003306316,0
8359520241,0
8359520240,0
5003306312,0
5003306317,0
5778270831,2
4547949559,2
366453155,2
5778236989,2
5778270832,2
7773469800,3
2048440844,3
366459106,0
10036736413,0
4102230918,2
6025186566,3
6025186563,3
6025186702,3
6025186701,3
5772260896,0
5518775838,0
11458423339,0
4929132448,0
5518775837,0
366441493,0
5001799211,0
3718634731,0
366474730,0
5001799210,0
6665295532,0
4974589972,0
9642513889,0
10688155415,0
5358463335,0
5358463334,0
5358463346,0
5358463333,0
5358463345,0
2621185405,2
8344412119,2
11104313578,2
2968038019,2
8344412120,2
366384569,0
8366047745,0
8366047746,0
5786544083,0
4983154644,0
4550523306,0
11258974563,0
4550523305,0
4550523299,0
4550523310,0
4563552033,2
5001800549,0
5001800548,2
5001800542,2
4563552040,2
366445291,0
2621185610,0
5735616874,0
5735564986,0
2214439696,3
6724874725,2
4931113137,0
4931113136,0
6739856907,0
6631418463,0
2262762769,0
2262762762,0
2262762784,0
2262762783,0
3037240436,3
11435593177,1
4102230933,2
2049210191,1
5757491902,3
11059002004,3
1524373645,3
1524373626,3
5778872960,3
1524484267,3
1524373622,3
366451487,3
366473383,3
366456604,2
5057828193,3
5057828204,3
2498090053,3
2498090055,2
5058499831,3
5058499832,3
5058499855,2
2340047387,2
2340047389,2
5074799099,2
5074799096,2
5074799097,2
4927867379,2
5772606964,2
4927867380,2
2690659780,2
5352824737,2
366477876,2
366466721,2
2498090917,2
5045656675,2
5762610072,2
11101671901,0
5073779403,0
11101671904,0
11101671903,0
5073779404,0
2934006860,0
2934006863,0
6766658645,2
4621933725,2
5788927104,2
5059499609,1
5778115401,3
3734437594,2
5059499581,2
366456911,1
366397786,2
5788740502,0
6022611608,0
5778688791,2
5778688792,1
6794513288,0
6794489381,0
5058500143,0
2433276963,0
5059499340,0
12060513297,1
366387767,0
5772557687,0
9570361177,0
5772557740,0
2153156883,0
2153156989,0
2153156969,0
2153156864,0
2304476984,0
2156216594,2
2156216586,2
8814984427,2
366447820,2
366399770,2
1628403303,0
1628403265,0
7791472597,0
7791472594,0
5811493719,1
2154851964,0
2154851971,0
2154851987,0
2154852001,0
2154851999,0
2154851603,0
2154851531,0
2358060988,0
1847175987,0
2154851606,0
2153158589,0
1768341199,0
8367423896,3
8367423905,0
2153158586,0
2153156509,0
2153156506,0
2153156513,0
2153156518,0
2153156521,0
5813691633,1
4602705518,2
2154852773,1
2309304494,0
2692556733,1
6435398686,1
6435398685,1
6435398694,1
6435398730,1
6435398731,1
5735403382,1
5735402705,0
5735403376,1
5735403377,0
5737753358,1
5781192505,0
6772503853,0
1628403476,0
5781192504,0
6772503854,0
2304475229,0
2370221554,0
11505445568,3
2341504791,3
2304475232,3
2299061099,1
8366288666,0
8366244657,1
8366244662,1
7791472523,0
366376836,1
366378548,1
2304436089,1
2153453369,2
2153453368,1
2297805001,2
366470199,0
366388704,0
2302095145,2
2306071199,2
2156217870,3
5780545604,3
2350639273,3
2156217922,3
5780545557,3
5811554651,0
2340178573,0
5811554567,0
5811554647,2
11396047709,0
2348744858,0
842051626,0
842051638,0
1768271026,1
2348752568,1
2334074253,3
2345118592,0
2334074252,0
5788761078,0
366385658,3
2154852558,2
2156216823,2
2156217126,2
2156217010,2
2156216763,2
2159586058,0
7546641357,0
7546641356,0
2385972949,2
714480513,0
2153158394,0
8370378439,0
8354054037,0
2934003299,0
2934003298,0
2153156698,0
2153156771,0
2153156721,0
5168393227,0
5168393232,0
2993488900,1
366450057,1
8359494455,1
366420766,1
366412216,1
9648087597,0
8367041479,0
9997729935,0
11157910474,0
366415389,0
2527497641,1
1768313271,0
1768313270,0
2527497666,1
2527497653,1
366443035,1
2302095147,1
366411844,2
366441191,2
366469474,2
7976163274,3
5794863993,0
5794863995,0
7808988526,3
5794864108,3
2210786267,0
11954983237,0
2154851188,0
2350291039,0
1756318875,0
2156217887,0
2303264097,0
2156217892,0
2305841742,0
2156217823,0
5731642981,1
5731642977,1
5731642982,0
3828041608,1
5788334694,1
2154852360,0
5464034525,0
5800435971,0
10087121159,0
2154852337,0
7353097988,1
11711744703,1
2993488901,1
2993488899,1
2993493058,1
366428256,0
9331243785,0
11636765750,1
2210760916,1
2153158492,1
1628403392,0
12120894718,0
10705834255,0
8347596165,0
5794957714,0
715729869,3
366476602,3
2304474781,3
2299061036,3
8367041431,3
5811875275,0
5811763196,0
7791472586,0
5811875272,0
12104042028,0
2153158376,0
2153158370,0
2153158405,0
2153158436,0
2153158435,0
2153158558,1
5788299687,0
7790226200,0
1768341193,0
1767857978,1
2299061102,3
2303431371,3
10177773592,3
12014532408,3
2592267511,1
2592267509,1
366462428,1
366477404,1
366469151,1
3664158272,3
3664158271,3
3664158274,3
2303353073,3
5781144996,3
2153453645,1
2299061018,3
2159588306,2
2159588276,2
2159588281,2
7771265920,3
7771265925,3
9743546261,3
366479209,3
7771265922,3
366411442,3
5850877262,3
8347545989,3
366374435,3
366459372,3
5788305885,2
5788305890,2
5788305891,2
5788305904,2
5788305886,2
5786313996,3
366474098,3
5786314219,3
5786313003,3
366412374,3
5778529145,3
2427534170,3
8344770122,3
5778529143,3
8344848671,3
7781434555,3
366469163,3
8344805065,3
8344805066,3
7781434547,3
8813576081,3
6649986945,3
8813582356,3
366404717,3
6649986930,3
7781801799,3
2414073003,3
7781801793,3
7781852204,3
8819655516,3
5783349937,3
5783349931,3
5783350661,3
5783349944,3
5783349869,3
5780763563,3
5780763568,3
5783350662,3
5780763553,3
366385220,3
7240832695,3
5785398291,3
7240832706,3
7201144950,3
7240843258,3
2426566879,3
366452626,3
366468853,3
366384420,2
8347594265,3
5788718275,3
2427532409,3
5788718277,3
8344780287,3
366438248,3
7768157931,3
8347652316,3
7768162758,3
2414079769,3
8816400403,3
366450922,3
5794854581,3
5794854775,3
5788289643,3
5788289640,3
8348779384,3
8348779383,3
8813613331,3
8813613332,3
8813613336,3
366473326,3
7714456556,3
4089333053,3
3183961713,3
7714456563,3
366412779,3
7770682796,3
366452978,3
366434975,3
366368406,3
5794752046,3
5794752034,3
7781479527,3
7781479529,3
5794752051,3
6615953101,3
6615953100,3
5788668600,3
5778529562,3
5788668576,3
7711515046,3
7711592305,3
7711592321,3
366442476,3
5877813095,3
7766347636,1
7767847442,1
7767895299,1
7767895298,1
7766347638,1
8347575812,3
5798011124,3
5798011123,3
5496838833,3
366458015,3
7745674736,3
7745656116,3
7745639885,3
7745610277,3
7745610280,3
2414072981,3
2414072968,3
8345662153,3
8345662154,3
8819493194,3
2427536394,3
2427536398,3
5795063225,3
8359513439,3
366447201,3
8367134265,3
7781379930,3
7781379928,3
8366792942,3
366464862,3
7711599447,3
7711599405,3
7711599453,3
7711599450,3
7711599445,3
5785713820,3
5785713814,3
5785713767,3
5785443726,3
8345220962,3
5780763381,3
7239563949,3
5780763588,3
5780763391,3
5780763282,3
2414085391,3
6616504600,3
2414200754,3
11553372024,1
8816338246,1
6656634170,3
5778529139,3
2427537621,3
7737873239,3
2427537627,3
366441815,3
11921728114,3
7782208968,3
7782208964,3
11957702771,3
7711747841,3
366456061,3
8348335106,3
4089317693,3
7711747846,3
5785371882,2
5785713765,2
5785712151,2
5785371873,2
5785398051,3
7781543948,3
7781543952,3
7781543943,3
9662298611,3
7737751458,3
5786405440,3
5786405442,3
5786405479,3
5786405445,3
8817294480,3
2419556789,3
8366441020,3
8366441021,3
7744521699,3
7854978478,3
7240860428,3
5785736903,2
5785736907,2
5785736920,2
8447594155,2
5778480799,3
5778443922,3
5778443903,3
5789185122,3
5789185121,3
8347604184,2
7692707067,2
7692707069,2
366465894,2
7692707065,2
366437463,1
7695568434,1
5147896481,1
7695568432,1
6649562121,1
7711466588,3
7711466589,3
7711466585,3
9663279347,3
8359702714,3
7771371994,3
9743546273,3
6616142189,3
3714421013,3
366405530,3
5788341218,2
5788341215,3
5788668638,2
5788668636,2
7770682808,3
8347820219,3
2427677911,3
2427677888,3
2427677899,3
5788668381,3
1413456787,3
8813647899,3
8813647894,3
7239531375,3
366375867,3
7784665016,3
7782185568,3
366421443,3
366440481,3
366441358,3
7757637924,3
366458865,3
7757637921,3
7757637920,3
7757637933,3
5778335680,3
5778335674,3
2414291426,3
5778335681,3
5778699457,3
8820218683,1
8348480126,1
8348480125,1
366458328,1
8347632720,1
5797630764,3
8814130879,3
5797630775,3
5794959107,3
5794959104,3
7711802553,3
7711802555,3
4089317738,3
366379857,3
7711802547,3
5778529556,3
5778529574,3
9734580176,3
9734580177,3
5778529572,3
5797450247,3
5797456055,3
5797450249,3
366458212,3
2415992348,3
366406002,3
366403263,3
366420981,3
366385456,3
366469152,3
2425006810,2
7771030359,2
6618653714,2
7771077435,2
7771030343,2
8366255128,3
7737472779,3
7737472781,3
366442764,3
8366239886,3
366412576,3
8816322942,3
7693065607,1
7767804642,1
7693065636,3
5780906646,3
5780906638,3
5781165902,3
8344907077,3
10801334818,3
366420453,3
366449319,3
366458185,3
8448305013,3
7201246791,3
5778202164,3
2092411428,3
5778445105,3
5778772984,3
2092411422,3
366379908,2
7692989011,2
7692958472,2
8344933691,2
7692989016,2
7771371985,3
3714422630,3
7771341144,3
2412887347,3
366477061,3
4089317746,3
7711793357,3
7711793358,3
366368379,3
7711822016,3
366381496,3
7770357262,3
9659976643,3
366444512,3
7770357259,3
7711117756,1
366381664,1
8348256894,1
7711117757,1
7711117758,1
7768162723,1
8366495586,3
8366495588,3
8366487845,3
3072513116,3
8348338040,3
8348465828,3
8348465836,3
8348399517,3
8348380210,3
5794918011,3
5794918022,3
5794918023,3
7737751477,3
5794918048,3
5800066804,1
5437428289,1
5437428284,1
8477869283,1
8477869281,1
5795162214,3
5795191504,3
5795191482,3
5795191513,3
5795191520,3
5788341298,3
8817762773,3
8817762777,3
5788341273,3
5788305773,3
8344538735,3
2427538872,3
2427532403,3
2427532399,3
366382478,3
7781852220,3
366429322,3
8819564336,3
8819564338,3
366476478,3
366421710,2
8345046476,2
366423878,2
8344865669,2
11780293242,2
7373445089,3
7373445090,3
8820339170,3
8366053004,3
5877813169,3
5786468446,0
7533759155,0
7533759176,0
7533760249,0
7533759180,0
366404066,3
8348690955,3
11921728096,3
8348756677,3
8348756678,3
366451096,3
366412895,3
8347614747,3
9717017778,1
7695682344,3
5938083918,0
5850877305,0
5850877304,0
366447512,0
5938083908,0
8344737940,3
7737995404,3
7737995408,3
366409418,3
7711599438,3
366440093,3
366393409,3
366380741,3
7738022008,3
7738022017,3
8344772447,3
366457431,3
366439920,3
366466150,3
11780260703,3
7781479551,3
366409764,3
8819668384,3
7781434557,3
7781434560,3
5788571727,3
2417264213,3
5788668373,3
7757151441,3
5788668563,3
7762484184,0
7762490688,0
7762490686,0
7762498671,0
7762484181,0
5496882702,3
5496882686,3
5789116752,3
5789116735,3
9562716056,3
366467045,3
366388569,3
6609015338,3
8347624379,3
9717015749,3
9774446323,3
7768164325,3
6649828895,3
8348346243,3
8819408549,3
7246145448,3
7757637915,3
7757637916,3
7246145449,3
8813657245,3
7781414022,3
366410643,3
366439540,3
366438627,3
366382179,3
8347692290,3
8347692294,3
2427557566,3
8347692312,3
2427557550,3
8366478740,3
366473805,3
5780675983,3
366373247,3
5780703010,3
8816322082,1
7762871807,1
8816322102,1
7762871814,1
8816322918,1
2417297468,3
2417297460,3
2417297474,3
366427928,3
2417264421,3
2414291414,3
10964602270,3
5778772992,3
5778772994,3
10964602269,3
4089333068,3
7714456550,3
7717512822,3
7714331568,3
5783421886,3
8366075804,3
8345061930,3
8367250858,3
5783421910,3
8344496186,3
366419271,3
10758962559,3
8344633101,3
8344633092,3
8349300688,1
7711170853,1
7695644078,1
7738064610,1
7695682345,3
366434927,3
7757672632,3
7757672636,3
8344899980,3
8370307991,3
8816349375,1
8344615153,1
7767847402,1
8344615171,1
7693065653,1
10921550291,3
7714085593,3
7711549183,3
7711592285,3
7711599398,3
7717935082,1
5437428286,1
5437428440,1
4746975940,1
7717917965,1
7239649810,3
7239649815,3
7239649801,3
7239649793,3
7239649795,3
7240831382,3
8345213387,3
8813612252,3
10801445389,3
10801445375,3
8348707866,0
8348707865,0
8348734151,0
7762470019,0
8816751887,0
7724639574,3
2415519968,3
4017409422,3
5780531764,3
4017409421,3
2414093666,3
2414201424,3
2414093687,3
2414080252,3
2414079742,3
8367024893,1
7717917970,1
5800067769,1
5800067767,1
9746981826,1
7711170848,1
366433618,1
366447708,1
7711170836,1
366421280,1
411921683,0
5769504920,0
411920273,0
411921684,1
9577183454,2
411919086,2
411919080,2
411919189,2
366476402,2
411922473,2
411918826,2
4605588256,3
411918836,3
411924316,3
411924332,3
411917959,2
6477464072,2
411926343,2
411923970,2
411923966,2
5778212578,1
701666216,2
6573748228,1
411926052,1
411919202,2
7822938322,1
411919021,1
411918973,1
411918996,0
411923930,0
411926667,1
411925335,1
411925919,0
411924053,1
411925926,1
5778872976,1
411918560,1
411918562,1
2036141730,1
411926532,1
2364059999,2
411921413,2
411920209,2
5762610083,2
411920211,2
411923825,2
2614395055,3
4614090211,3
6789047627,3
2614395057,3
4901270458,0
4901270456,0
4901270462,0
4901270461,0
4901270457,0
366449704,0
5716927839,0
5455592994,0
5886777909,0
5455592993,0
4962943084,2
5917810012,2
5917810011,3
5738388275,3
5738388279,3
366463269,0
2471782027,0
5750733954,0
2471782050,0
5750733955,0
3138809763,0
5742817878,0
5742817879,0
3138809755,2
11050627978,2
5940794093,3
5940794094,2
5940794095,3
5940794104,2
4950373162,3
5750488122,3
366405963,3
366392045,3
5717115997,3
5753230622,3
5752843110,0
5737989563,3
5793457562,3
5752843107,0
5752843105,0
5902183232,3
5736013567,3
4423129687,0
5902183236,3
5902183233,3
5738046809,0
5738089221,0
5738046807,0
3242683112,0
3242683108,0
5792396325,0
4901255226,0
4901255241,0
4901194482,0
4901255223,0
4903055235,0
3242682763,3
3242682762,0
3242682765,3
3242682769,3
4440317113,2
4444946068,2
4444946046,2
4440317107,2
4444946085,2
5769490277,0
5769490279,0
5769490322,0
5769490266,0
5769490295,0
3640191575,3
3640191573,3
4672023662,3
3807705410,3
3807705412,0
5920982712,0
5920982715,0
5762619775,0
5151366709,0
5920982716,0
2269043918,3
2269044539,3
2269043894,3
366372346,3
5750699243,3
366428593,0
5721506146,0
5740052770,0
366429903,3
5818202711,2
5818202712,2
2471773879,2
5818202710,2
5818202707,2
4905117737,0
5888387524,0
5888387525,0
4905117739,0
4905117729,0
3928816502,0
3928816508,0
5783267558,0
5783267555,0
5783267557,0
2871641652,3
4962942793,3
11412513001,3
11412513000,3
4978544565,3
5748699829,1
2871641659,2
5748699846,0
5748699828,2
5748699220,2
5719317997,1
4448584535,1
366436270,1
10600833968,1
11237598305,1
5769487960,0
5769524929,0
5769558628,2
5769490303,0
5769524928,0
3342343889,2
3342343820,2
5735781183,2
3342343800,3
3342343838,3
5893932271,0
10211804562,0
5748260078,0
5750487894,0
5755332258,0
3296717336,0
3296717347,0
3296717322,0
366477808,0
5765428386,1
4069466108,1
6627072270,1
2247676725,1
4069469193,1
2871637982,3
2289950125,2
4069486230,2
4069486220,0
4069486262,3
5757466451,0
5757503388,0
5757503384,0
5757466453,0
5757466454,0
366369383,1
2210725745,3
2240590640,3
366478779,3
378247852,1
5769496305,2
5769496329,2
5769496310,2
5769496267,2
5769496332,2
5763250932,0
11521933146,0
7813947291,0
4551372403,0
5762960033,0
5763268861,3
5758077397,3
5758077396,3
2325318727,3
5758077621,3
5655530162,0
7788507226,0
11414894553,0
7792247732,0
7788507229,0
2869793025,0
11411839448,0
11411839449,0
5733210118,0
5733145694,0
2247611225,0
2871644081,0
5755090040,0
5755363276,3
8359799052,0
5769401765,1
11027033619,3
5769401809,1
8365959585,3
5769401503,3
2289948703,3
11138403585,2
8366329161,2
5303276427,2
5718945577,2
3656175350,0
7813586917,0
7813586928,0
5753163271,0
8360576120,0
5748460797,3
5748460807,3
5748460806,3
9520908824,3
5748461129,3
2191963759,3
5752812354,3
5752812353,3
5752812386,3
8347604482,3
7810317268,0
5762624784,0
7810317269,0
5762623786,0
5762624786,0
5767404347,2
5655530157,2
5655530160,2
5757656974,2
5767573458,2
3344037302,2
3344037318,2
3344037311,3
3344037298,3
3344037295,3
5764885929,0
5764885932,0
366375267,0
5764885935,0
11414343180,0
5762747157,0
5762747177,0
5762747154,0
5762747155,0
5762747171,0
7820571890,2
5755216785,2
5755216824,2
5755216741,2
5755216786,2
5655391028,0
5655391025,3
5769754145,0
5655390310,0
5655390311,3
5771983328,2
8347782382,2
8347782381,2
8347800657,2
5653129353,2
5748361871,1
2942888314,0
11801385627,0
5748361870,1
5748361889,1
5748211466,0
5748211482,0
8365992729,0
8365992730,0
5748211426,0
5740357886,0
2091954853,0
5740357887,0
2922944985,0
2922944995,0
5653035483,3
5653035481,3
5653035480,3
5653035478,3
5653035479,3
5735325767,2
5740312438,2
11412487351,2
5735307583,3
2922946821,2
5757831319,3
5757831377,3
11416675747,3
11416675752,3
5757831320,3
5753063829,3
366431238,3
366384739,3
366474557,2
2763159056,2
5762831752,0
5762831858,0
11521929578,0
3344036799,0
5762831867,0
5767200795,0
5767200794,0
11416605113,0
8359411224,0
8359549401,0
4971873415,0
4971873414,0
5765430120,0
8348335225,0
8348306239,0
2922944223,0
5762651050,0
5762651051,0
5762650994,0
5762651046,0
8348936027,3
8359944780,3
8359944781,3
7792335426,3
8348938737,3
5718889292,2
5718889294,0
5748695029,2
5748420019,2
5718889307,2
11443022789,0
2871638135,0
2871638147,0
5718890439,0
2871638136,0
4971634411,1
5755402639,1
5755402640,1
8366779549,1
8366779545,1
2822307292,0
5735376856,0
5735376841,0
5735376838,0
5735376848,0
5751172307,3
5751172310,3
5751172311,3
9747896378,3
2247594753,3
2869793018,3
2210872180,3
1611021948,3
8141356742,0
8141356739,3
5769332183,1
5769332532,1
5769332441,1
366370163,1
5769332215,1
2325327092,3
5655390876,3
5655390872,3
2240979379,3
4971508467,2
5765072430,3
8360320427,3
8360320428,3
5765072425,3
5765072429,3
5753004718,0
5753004719,0
5753004715,0
5753004716,0
5753004714,0
5738538673,0
5738538671,0
5738538681,0
5738538684,3
5738538683,0
11451885816,2
5753181400,2
11524787978,2
5753181392,2
5753181401,2
5752862683,0
5752862681,0
5752862682,0
5752863181,0
5752863182,0
4068495484,3
4068495475,3
366413477,3
5653036046,3
8366521827,3
3296661951,0
7792432217,0
5753206235,0
8359624836,0
7792432216,0
5758105575,3
11524899978,0
8348441979,0
8348441974,0
8348441976,0
4971884633,2
8348797346,0
4971884630,2
4971884638,2
4971884629,2
5762701823,0
5762701822,0
5762703457,0
5762703455,0
6627102191,0
6661001639,2
6661001663,2
6661001662,2
6661001647,2
6661001668,2
3344036999,3
11414739063,3
3344037021,3
3344037007,3
5762747120,0
3344034991,2
3344035678,2
3344034992,2
8359951269,2
5767101920,2
8348304721,3
3296631164,3
8348304722,3
8348304723,3
5750779281,3
5767711688,0
2869787328,0
2869787327,3
366449240,0
5733266301,0
5755674308,3
5755674304,3
8370385552,3
8370385551,3
5755675987,0
8366548385,3
370556300,3
5308090217,3
366377680,3
3296631218,3
2918606254,3
5740701157,3
7821164914,3
7821164912,3
5740451517,3
366392568,2
5653035464,3
8366547105,2
2401066939,2
5653126100,2
5764916776,0
5764871823,0
5764871824,0
5764818903,0
5764818912,0
366419418,2
5755050326,2
5755050328,2
2191963751,2
2191963747,2
3656174322,0
7813586911,0
7813586912,0
8359860944,0
7813586908,0
12116332963,0
3378029844,0
9582671216,0
5738480241,0
5738480234,0
5769912147,3
5769558761,3
5769558759,3
5769558807,2
5655390573,3
5769540765,3
5767101908,0
5767101906,0
5769540755,2
5769558630,2
366466796,2
11118134131,3
1997154774,2
1997154404,2
1997154528,2
4616051258,0
5788957689,0
366439630,0
6751175536,0
366368313,0
6468025282,0
2692556785,0
1996745180,0
5816774819,0
366462922,3
6791076700,3
6791076698,3
6791076697,3
2469697628,1
8890105340,2
8890105342,2
366389869,2
1996745668,2
8890105325,2
5813858481,3
5813858479,3
5813858469,0
5813858470,0
5813858480,1
6640026590,1
6640035938,1
2302073747,3
5051610783,3
6640026592,1
6788952769,2
4616143772,3
6788929496,3
4628844527,3
2300363373,3
1997154385,0
5816931412,0
4979973982,0
4979973979,0
4979973978,0
6334995595,3
6334995364,3
6334995594,3
6334995593,3
2351177744,3
6349849942,2
6349849943,2
6349849929,2
6349849930,3
6349849933,3
6720471791,2
6720471792,2
6720471829,2
6720471828,2
710021194,2
9239351708,3
6332498997,3
6332498996,3
11217228397,3
11217228407,3
1097710279,0
3654067014,0
366453564,0
737167478,0
6334924133,2
366440712,2
3734437537,2
3717176330,2
2291045534,0
366474751,2
6729322750,2
5769504904,2
3463111578,2
6729322743,2
3463112595,2
710640668,0
2332692765,0
366468183,0
366419844,0
1375483041,0
11925831721,0
7144819811,0
5873236316,0
5873236317,0
5873236318,0
5748453406,3
4178522005,0
5748453404,0
5748453405,0
11508448829,0
5753346848,3
5753346925,3
5753346921,2
5753346922,2
3220146038,2
5769785368,2
9756183979,2
9756183978,2
5303300595,2
5769753328,2
8366477976,3
8366477987,2
7724949157,2
7724949156,2
5119196028,2
5755196888,3
7724926684,3
7724926683,3
5755196845,3
366472730,3
5753017383,2
11508365142,3
5753017449,2
5753017354,2
5753017446,2
5750784186,3
8345818723,3
8345818725,3
3220145682,3
5750785424,3
8347892417,3
5753413597,3
5753413595,3
5753413524,3
5753413523,3
5750509082,2
5750509079,2
5750509067,2
5750509083,2
5750509088,2
5733258040,0
5733258039,0
5733258072,0
5733258069,0
5733258038,0
3220146407,3
8347841151,3
8347841156,3
8347841152,3
8348048298,3
5751067200,2
5748495534,2
5748495539,2
5735589508,2
5751066689,2
5753180946,2
5753414864,3
3220146084,3
5753306339,3
5753381940,3
366373778,3
8359577700,0
8359577691,0
5748241026,0
5748241024,0
8814601671,3
7722306090,3
7722306086,3
7722306091,3
7876111395,3
7768156819,2
3376112348,2
3376112344,2
6657145759,2
7768141375,2
5763153224,2
5763153215,2
5767076375,2
5767076370,2
5767076382,2
5757874271,2
5757873403,2
5757873405,2
9704434424,2
8359926635,2
8345344589,2
8349038498,2
5735414144,3
3220146779,3
3220146810,2
5740106071,0
5740111265,0
5740111269,0
8359725727,0
5740111279,0
5755046081,3
5753106542,3
5753106540,3
5753106541,3
5755046221,3
7804432220,2
5767231647,2
5767231652,2
5767231641,2
5767231644,2
5771996978,3
8345078406,3
5771996988,3
5771996920,3
366418909,3
5738538349,3
5738538356,3
5738538357,3
5738538384,3
366446658,3
8344695574,0
8344695573,0
5748076207,0
8344695575,0
5748076177,0
5753306348,2
3220146234,2
3220146245,2
8366246569,2
8366246568,2
5748074721,3
8359886487,3
8359886486,3
5748074762,3
5748074617,3
5735892185,2
5735891505,3
5735892222,2
8366893466,2
5735892245,2
5769895106,3
5769894755,3
7725243267,3
5769978462,3
8345079378,3
5755678198,3
5755678990,3
5733067863,3
5733067822,3
5755678991,3
5751063502,3
5751063504,3
11846493978,3
5751066374,3
5751063506,3
5753466608,3
5753466597,3
5753466613,3
5753466922,3
5753466600,3
9396086740,3
5735273317,3
5755254369,3
5755254336,2
5755238156,3
5769301735,2
5769305384,2
5156683325,2
5769301734,2
5156683330,2
5750735785,0
5750735786,0
5750735732,0
5750735733,0
5750695029,0
5748518827,2
5748518826,2
5748518914,2
5748518913,2
5748519666,2
5748241030,0
5748241028,0
5748095795,0
5748241033,0
3378030011,0
3376518719,3
5752789333,3
5752789334,3
5752789353,3
5752789354,3
4178488548,2
4178488073,2
5748370481,2
5748370482,2
366408526,2
5735302640,2
5735302657,2
5735302658,2
8366786104,2
3220146729,2
5740180436,3
3220146382,3
5748074789,3
5748074788,3
5755254576,3
8360995889,2
7802064754,2
5748495551,2
5748495548,2
5748495549,2
5733201537,3
12165750596,3
5733199500,3
9753901862,3
8366258488,3
5119038300,3
5735323476,3
5735323477,3
5735323489,3
366461347,3
8360891864,3
5738377333,3
5738377322,3
5738377321,3
5738377334,3
5755678202,3
5755678219,3
5755678220,3
5755678954,3
366474930,3
5740276075,3
12110008819,3
5740276458,3
5740276455,3
4865562439,3
5750472620,2
366377556,2
1603921378,2
5750472619,2
8359369769,3
7767820567,2
7767820560,2
3376115684,2
7767820554,2
7767820558,2
8370122931,3
8370122927,3
3220145982,3
8367968659,3
5755254626,2
5762644497,2
5762644502,2
5762644501,2
5762644525,2
5762644467,2
366459366,0
8344864837,0
8344862569,0
8344862564,0
5751092201,0
5762644474,2
3296777021,2
8347568819,2
3296777001,2
3296776986,2
5755581760,0
5755581762,0
5755581761,0
5755675933,0
5755675938,0
8366384053,3
7724949100,3
9657859874,3
7724926653,3
5119192582,3
3378029887,0
5740353644,0
5740353645,0
3378029997,0
3378029993,0
5740581608,3
5740581607,3
5740581614,3
5740581610,3
4115882042,3
5751092179,3
5751092175,3
7768205744,3
5751092189,3
8359411527,3
8141356723,3
4069486250,3
5748254911,3
12136802740,3
12136802739,3
2414288507,3
2092411623,3
5778364295,3
5778202172,3
5755405579,2
5750642991,2
5750642989,2
5750642990,2
3376115535,2
5752848928,3
5752849001,3
5752849333,3
8345396075,3
5752849335,3
5755027933,3
5755027947,3
11749645054,3
3220146174,3
3220146142,3
5769337191,2
5769337171,2
5769337167,2
366475052,2
5769337187,2
5721686008,1
5998453339,1
2513642435,1
2513642434,1
11491215620,1
366439908,2
2930599201,2
2930599202,3
366478073,2
366450557,0
7822919230,3
1409491230,3
11414836962,3
7822919260,3
7822919253,3
6327563173,0
6327563169,2
5778457501,0
6327563172,0
6327564775,0
12120475979,1
5108956875,1
366477577,1
5108956883,1
2822151658,1
5719079033,0
5893932608,2
5893932607,2
8817803045,2
8817803044,2
6263969556,0
6263969557,0
366430300,0
5772608659,0
366414715,0
5765073652,2
11235473528,2
2146838335,2
5765073754,1
6252958808,2
2079964266,3
2079964288,1
366379261,1
11399978022,1
5721820518,3
12074868839,3
12074868837,3
5719079013,0
12074868841,3
2091954888,3
5735306183,3
2077773861,2
366404401,1
366367617,3
2077773925,2
3771420314,0
3771420294,0
5769343963,0
2495741665,0
4213562818,0
5743315781,2
5743315780,2
8370561197,2
5742545045,2
366457962,2
4903632199,1
4903632196,1
4903664478,1
4903632198,1
366376504,1
4851135950,0
366465101,0
366449378,3
366452443,0
1400686954,0
3771420269,3
3771420271,3
3771420272,2
4109599342,2
3771420266,2
2079964237,0
10069778448,3
8344764554,3
8344764553,3
8344764551,3
2079964012,3
2712170840,3
2091954877,3
5735332144,3
3655114319,1
4932465910,1
4932465911,1
4932465945,1
4932465670,1
4932465672,1
5755535145,1
5755535143,1
2366637697,0
366438848,3
2214339206,0
2495802597,3
2495802637,3
2495802632,0
2495802645,3
366421632,3
3830454069,2
12074954421,0
5721938896,0
11435593255,0
4617886234,0
5112594985,2
6631011108,3
366443267,2
12074894069,2
2251563381,2
5112594936,2
4932465922,3
4932465928,3
4957752180,2
2871643855,2
366372095,0
5725018855,1
366429982,1
366445720,1
366418376,3
2077773762,1
366373568,2
366401235,2
2077773980,2
2077773905,2
5719111823,2
5719111826,2
5719111825,2
4957752163,2
3640176497,2
2498077593,3
1349033432,2
5772558123,2
6747277436,3
1606180428,3
3137351506,0
3137351503,0
3137351565,0
3137351520,0
3137351507,0
5773531751,3
5773531755,3
5773531756,3
5773531750,3
5733481802,2
9532347066,0
9532347065,0
6791416067,0
11033859347,3
10959164467,3
5779558893,0
1852879601,0
1852879556,0
5779558888,0
5779558892,0
5735973839,0
5778236343,0
5778236342,0
5735973835,0
5735973834,0
8360572432,0
8360572433,0
5778363375,0
8360572430,0
5778363373,0
1497313053,0
1497313057,0
5733266067,0
5733266074,0
1497313058,0
5778362648,3
5778362650,3
5778363053,3
5778362647,3
366438352,3
1276696906,0
5737798912,3
5740088388,0
5737979197,0
8704309058,0
1774952117,2
5740364668,0
5740364673,0
4952626231,0
1774287471,0
366450045,3
1497255682,3
696860102,3
1497255677,3
366423300,3
8348734382,2
2955893065,2
5767156669,2
7931441462,2
5764793101,2
5763234089,3
8813823549,3
2351177734,3
2351177731,3
6334995592,3
5337055556,0
5337055557,0
9546747950,0
5337055553,0
5337055566,0
5772102486,2
5737980731,2
5737979173,2
5737980732,2
5737979179,2
5733023081,0
5733023076,2
5733023072,2
5733021718,2
366418696,2
8347550851,0
8347770622,0
8816687943,0
8347750990,0
8347550852,0
5779523225,3
5779523228,3
5779523229,3
5779523224,3
5779523221,3
366476094,0
366406208,0
4639072646,0
7822923005,0
366446528,2
5738206966,1
5738206970,3
2028465793,3
5042605487,1
5042605485,0
3137351443,0
3137351436,0
5742544374,0
2899917253,0
2899917239,0
3289232981,0
9763328535,0
5781828004,0
3289232980,0
9752625900,0
366404331,2
5738008502,0
5733269523,3
5721505919,2
5721506126,0
3137343111,0
11542562493,0
10964762835,0
3137343110,0
3137343109,0
366423832,0
366450137,0
5337055594,0
5778236281,0
5778236283,0
3415439421,0
735998182,0
3415439858,0
2231265590,0
10945593410,0
9753586289,0
8345304797,0
9570493489,2
366380708,2
10943487201,2
366467187,1
366454649,2
2370077639,0
2370077637,0
366453421,1
5772129467,1
4050376522,0
2026012448,2
2026012479,1
11169215896,1
2026012281,2
1780010929,0
5772502945,0
5500064101,2
2032267376,2
6772800344,0
6754164956,0
5778287259,2
5778287258,2
1992606813,2
1992606696,2
1992606776,2
6757761589,0
2366581217,1
9800523214,1
11400031424,1
2366581218,1
8349985737,1
5814168152,1
11383322562,1
11383322566,1
2167179600,1
